X,Time[s],Throughput[GB/s]
5,0.000001,7.93600000000000000000
6,0.000001,32.25600000000000000000
7,0.000001,130.04800000000000000000
8,0.000002,261.12000000000000000000
9,0.000005,418.61120000000000000000
10,0.000035,239.44045714285714285714
11,0.000869,38.59384119677790563866
12,0.002195,61.13210022779043280182
13,0.018265,29.38983717492471940870
14,0.075882,28.29857642128568039851
