X,Time[s],Throughput[GB/s]
5,0.000217,.03657142857142857142
6,0.000143,.22556643356643356643
7,0.000346,.37586127167630057803
8,0.000350,1.49211428571428571428
9,0.000535,3.91225420560747663551
10,0.000430,19.48933953488372093023
11,0.025981,1.29086824987490858704
12,0.001092,122.88000000000000000000
13,0.002294,234.00408718395815170008
14,0.005486,391.42409332847247539190
