X,Time[s],Throughput[GB/s]
6,0.000009,3.58400000000000000000
7,0.000009,14.44977777777777777777
8,0.000011,47.47636363636363636363
9,0.000013,161.00430769230769230769
10,0.000032,261.88800000000000000000
11,0.000182,184.27498901098901098901
12,0.000590,227.43213559322033898305
13,0.003212,167.12496139476961394769
14,0.008674,247.56197555914226423795
