X,Time[s],Throughput[GB/s]
5,0.000070,.11337142857142857142
6,0.000062,.52025806451612903225
7,0.000038,3.42231578947368421052
8,0.000029,18.00827586206896551724
9,0.000134,15.61982089552238805970
10,0.000105,79.81348571428571428571
11,0.000364,92.13749450549450549450
12,0.001102,121.76493647912885662431
13,0.004725,113.60960338624338624338
14,0.018516,115.97281140635126377187
