X,Time[s],Throughput[GB/s]
6,0.000143,.22556643356643356643
7,0.000322,.40387577639751552795
8,0.000346,1.50936416184971098265
9,0.000270,7.75205925925925925925
10,0.000484,17.31490909090909090909
11,0.000612,54.80073202614379084967
12,0.001432,93.70458100558659217877
13,0.004715,113.85055694591728525980
14,0.018413,116.62154868842665508064
