X,Time[s],Throughput[GB/s]
10,.00224860000000000000,1.86347416170061371520
11,.00071960000000000000,23.30325736520289049471
12,.00116500000000000000,57.59011158798283261802
13,.00209320000000000000,128.22601184788840053506
14,.00644040000000000000,166.70956586547419414943
