X,Time[s],Throughput[GB/s]
8,.00000960000000000000,27.20000000000000000000
9,.00001060000000000000,98.72905660377358490566
10,.00001500000000000000,279.34720000000000000000
11,.00004140000000000000,405.04888888888888888888
12,.00047620000000000000,140.89139017219655606887
13,.00182980000000000000,146.68416657558203082304
14,.00871540000000000000,123.19300181288294283681
