X,Time[s],Throughput[GB/s]
5,0.000015,.52906666666666666666
6,0.000002,16.12800000000000000000
7,0.000002,65.02400000000000000000
8,0.000003,174.08000000000000000000
9,0.000008,261.63200000000000000000
10,0.000045,186.23146666666666666666
11,0.000817,41.05024235006119951040
12,0.002168,61.89343173431734317343
13,0.018287,29.35448001312407721332
14,0.075353,28.49724066725943227210
