X,Time[s],Throughput[GB/s]
5,0.000008,.99200000000000000000
6,0.000009,3.58400000000000000000
7,0.000011,11.82254545454545454545
8,0.000021,24.86857142857142857142
9,0.000055,38.05556363636363636363
10,0.000274,30.58545985401459854014
11,0.001296,25.87812345679012345679
12,0.003939,34.06574257425742574257
13,0.014615,36.72975545672254533014
14,0.063451,33.84269083229578730043
