X,Time[s],Throughput[GB/s]
5,0.000153,.05186928104575163398
6,0.000203,.15889655172413793103
7,0.000109,1.19310091743119266055
8,0.000087,6.00275862068965517241
9,0.000153,13.68010457516339869281
10,0.000218,38.44227522935779816513
11,0.000248,135.23406451612903225806
12,0.002287,58.67291648447748141670
13,0.006881,78.01269815433803226275
14,0.034520,62.20604217844727694090
