X,Time[s],Throughput[GB/s]
8,0.000350,1.49211428571428571428
9,0.000555,3.77127207207207207207
10,0.000520,16.11618461538461538461
11,0.000921,36.41481867535287730727
12,0.001869,71.79505617977528089887
13,0.005609,95.70429238723480121233
14,0.021571,99.54812368457651476519
