X,Time[s],Throughput[GB/s]
5,0.000000,
6,0.000000,
7,0.000001,130.04800000000000000000
8,0.000002,261.12000000000000000000
9,0.000007,299.00800000000000000000
10,0.000039,214.88246153846153846153
11,0.000863,38.86216454229432213209
12,0.003437,39.04130346232179226069
13,0.017893,30.00085933046442742972
14,0.073459,29.23198758491131107148
