X,Time[s],Throughput[GB/s]
10,0.000430,19.48933953488372093023
11,0.025981,1.29086824987490858704
12,0.001092,122.88000000000000000000
13,0.002294,234.00408718395815170008
14,0.005486,391.42409332847247539190
