Size,Time[s],Throughput[GB/s]
128,0.000009,14.44977777777777777777
256,0.000010,52.22400000000000000000
512,0.000010,209.30560000000000000000
1024,0.000019,441.07452631578947368421
2048,0.000061,549.80406557377049180327
4096,0.000453,296.21403973509933774834
8192,0.002793,192.19669745793054063730
16384,0.006110,351.44886677577741407528
