X,Time[s],Throughput[GB/s]
6,0.000068,.47435294117647058823
7,0.000038,3.42231578947368421052
8,0.000008,65.28000000000000000000
9,0.000160,13.08160000000000000000
10,0.000228,36.75621052631578947368
11,0.000157,213.61814012738853503184
12,0.001049,127.91702573879885605338
13,0.003955,135.72828723135271807838
14,0.015772,136.14966878011666243976
