X,Time[s],Throughput[GB/s]
6,0.000003,10.75200000000000000000
7,0.000004,32.51200000000000000000
8,0.000008,65.28000000000000000000
9,0.000016,130.81600000000000000000
10,0.000100,83.80416000000000000000
11,0.000463,72.43638876889848812095
12,0.001113,120.56150943396226415094
13,0.003642,147.39301922020867655134
14,0.015159,141.65529230160300811399
