X,Time[s],Throughput[GB/s]
5,0.000003,2.64533333333333333333
6,0.000003,10.75200000000000000000
7,0.000005,26.00960000000000000000
8,0.000009,58.02666666666666666666
9,0.000029,72.17434482758620689655
10,0.000150,55.86944000000000000000
11,0.000601,55.80374043261231281198
12,0.002318,57.88824849007765314926
13,0.008821,60.85538782450969277859
14,0.037816,56.78423355193568859741
