Size,Time[s],Throughput[GB/s]
32,0.000081,.09797530864197530864
64,0.000304,.10610526315789473684
128,0.000308,.42223376623376623376
256,0.000243,2.14913580246913580246
512,0.000374,5.59640641711229946524
1024,0.000531,15.78232768361581920903
2048,0.001199,27.97168306922435362802
4096,0.003035,44.21250741350906095551
8192,0.009424,56.96152122241086587436
16384,0.036289,59.17364975612444542423
