X,Time[s],Throughput[GB/s]
5,0.000001,7.93600000000000000000
6,0.000002,16.12800000000000000000
7,0.000002,65.02400000000000000000
8,0.000004,130.56000000000000000000
9,0.000016,130.81600000000000000000
10,0.000089,94.16197752808988764044
11,0.000773,43.38686675291073738680
12,0.003351,40.04325872873769024171
13,0.015956,33.64285384808222612183
14,0.074627,28.77447272434909617162
