X,Time[s],Throughput[GB/s]
8,0.000011,47.47636363636363636363
9,0.000010,209.30560000000000000000
10,0.000014,598.60114285714285714285
11,0.000042,798.52495238095238095238
12,0.000482,278.39203319502074688796
13,0.001721,311.91480302149912841371
14,0.009257,231.97067905368910014043
