X,Time[s],Throughput[GB/s]
5,0,
6,0,
7,.00000100000000000000,65.02400000000000000000
8,.00000300000000000000,87.04000000000000000000
9,.00001460000000000000,71.68000000000000000000
10,.00007680000000000000,54.56000000000000000000
11,.00083580000000000000,20.06344101459679349126
12,.00359280000000000000,18.67414829659318637274
13,.01622640000000000000,16.54111127545234925799
14,.07177040000000000000,14.95987604917904874432
