Size,Time[s],Throughput[GB/s]
32,0.000003,2.64533333333333333333
64,0.000003,10.75200000000000000000
128,0.000007,18.57828571428571428571
256,0.000027,19.34222222222222222222
512,0.000121,17.29798347107438016528
1024,0.000518,16.17840926640926640926
2048,0.002521,13.30347005156683855612
4096,0.007180,18.68871309192200557103
8192,0.029990,17.89947902634211403801
16384,0.137761,15.58752169336749878412
