X,Time[s],Throughput[GB/s]
5,0.000217,.03657142857142857142
6,0.000081,.39822222222222222222
7,0.000294,.44234013605442176870
8,0.000205,2.54751219512195121951
9,0.000430,4.86757209302325581395
10,0.000506,16.56208695652173913043
11,0.000720,46.58062222222222222222
12,0.002308,58.13906412478336221837
13,0.006472,82.94273423980222496909
14,0.025959,82.72092823298278053854
