X,Time[s],Throughput[GB/s]
5,0.000223,.03558744394618834080
6,0.000419,.07698329355608591885
7,0.000242,.53738842975206611570
8,0.000158,3.30531645569620253164
9,0.000341,6.13799413489736070381
10,0.000665,12.60212932330827067669
11,0.001127,29.75869387755102040816
12,0.002941,45.62562393743624617477
13,0.009584,56.01057762938230383973
14,0.035928,59.76821910487641950567
