X,Time[s],Throughput[GB/s]
5,0.000003,2.64533333333333333333
6,0.000004,8.06400000000000000000
7,0.000004,32.51200000000000000000
8,0.000008,65.28000000000000000000
9,0.000017,123.12094117647058823529
10,0.000147,57.00963265306122448979
11,0.000489,68.58496523517382413087
12,0.002152,62.35360594795539033457
13,0.004946,108.53323412858875859280
14,0.020300,105.78091507389162561576
