X,Time[s],Throughput[GB/s]
5,0.000002,3.96800000000000000000
6,0.000004,8.06400000000000000000
7,0.000006,21.67466666666666666666
8,0.000014,37.30285714285714285714
9,0.000065,32.20086153846153846153
10,0.000456,18.37810526315789473684
11,0.001143,29.34212423447069116360
12,0.004468,30.03244404655326768128
13,0.017640,30.43114376417233560090
14,0.072078,29.79206659452260051610
