X,Time[s],Throughput[GB/s]
7,0.000005,26.00960000000000000000
8,0.000009,58.02666666666666666666
9,0.000010,209.30560000000000000000
10,0.000022,380.92800000000000000000
11,0.000091,368.54997802197802197802
12,0.000481,278.97081081081081081081
13,0.003769,142.42647280445741576014
14,0.010293,208.62261498105508598076
