X,Time[s],Throughput[GB/s]
7,0.000009,14.44977777777777777777
8,0.000033,15.82545454545454545454
9,0.000011,190.27781818181818181818
10,0.000018,465.57866666666666666666
11,0.000112,299.44685714285714285714
12,0.000466,287.95055793991416309012
13,0.001950,275.28480820512820512820
14,0.013583,158.09118574688949422071
