X,Time[s],Throughput[GB/s]
5,0.000033,.24048484848484848484
6,0.000009,3.58400000000000000000
7,0.000010,13.00480000000000000000
8,0.000015,34.81600000000000000000
9,0.000028,74.75200000000000000000
10,0.000139,60.29076258992805755395
11,0.000692,48.46538728323699421965
12,0.001895,70.81000527704485488126
13,0.007381,72.72800108386397507112
14,0.033394,64.30354482841228963286
