X,Time[s],Throughput[GB/s]
9,0.000535,3.91225420560747663551
10,0.000783,10.70295785440613026819
11,0.000856,39.17996261682242990654
12,0.001464,91.65639344262295081967
13,0.003224,166.50290818858560794044
14,0.011371,188.84465535133233664585
