X,Time[s],Throughput[GB/s]
5,0.000008,.99200000000000000000
6,0.000008,4.03200000000000000000
7,0.000008,16.25600000000000000000
8,0.000012,43.52000000000000000000
9,0.000017,123.12094117647058823529
10,0.000062,135.16800000000000000000
11,0.000310,108.18725161290322580645
12,0.000992,135.26709677419354838709
13,0.003840,139.79306666666666666666
14,0.016846,127.46958185919506114211
