X,Time[s],Throughput[GB/s]
7,0.000346,.37586127167630057803
8,0.000409,1.27687041564792176039
9,0.000313,6.68707987220447284345
10,0.000508,16.49688188976377952755
11,0.000513,65.37631189083820662768
12,0.001290,104.01934883720930232558
13,0.005216,102.91514110429447852760
14,0.022337,96.13433209473071585262
